<?xml version="1.0" encoding="UTF-8"?>
<project-private xmlns="http://www.netbeans.org/ns/project-private/1">
    <editor-bookmarks xmlns="http://www.netbeans.org/ns/editor-bookmarks/2" lastBookmarkId="0"/>
    <open-files xmlns="http://www.netbeans.org/ns/projectui-open-files/2">
        <group>
            <file>file:/E:/Evandro/GitProjects/JavaWebTercas/website/web/produtos.html</file>
            <file>file:/E:/Evandro/GitProjects/JavaWebTercas/website/web/SalvarAlterados.jsp</file>
            <file>file:/E:/Evandro/GitProjects/JavaWebTercas/website/web/AlterarProdutos.html</file>
            <file>file:/E:/Evandro/GitProjects/JavaWebTercas/website/web/BuscarProdutos.jsp</file>
            <file>file:/E:/Evandro/GitProjects/JavaWebTercas/website/web/CadastrarProduto.jsp</file>
        </group>
    </open-files>
</project-private>
